id,width,height,initialFrame,finalFrame,numFrames,class,drivingDirection,traveledDistance,minXVelocity,maxXVelocity,meanXVelocity,minDHW,minTHW,minTTC,numLaneChanges
15097,19.28,2.96,0,770,771,truck,2,93.54,0.88,0.08,3.58,49.84,14.64,0.00,0
15098,16.09,2.49,0,1253,1254,truck,2,124.24,2.02,0.08,2.97,3.26,1.44,0.00,1
15099,20.48,2.66,0,543,544,truck,2,46.91,1.74,0.05,2.62,4.42,1.63,0.00,0
15100,14.18,2.36,0,23,24,truck,2,6.15,7.61,-0.11,7.68,0.00,0.00,0.00,0
15101,14.48,2.83,0,70,71,truck,1,32.36,-14.47,0.16,-14.10,0.00,0.00,0.00,0
15102,14.74,2.77,0,165,166,truck,1,78.21,-14.36,0.06,-14.22,20.10,1.42,0.00,0
15103,17.48,2.40,0,303,304,truck,2,25.63,1.77,0.02,2.56,5.62,1.96,-34.44,0
15104,5.44,2.44,0,110,111,truck,1,51.54,-14.20,0.09,-14.07,13.76,0.98,0.00,0
15105,4.61,1.69,0,140,141,car,2,62.19,13.14,0.06,13.37,34.42,2.60,0.00,0
15106,4.31,1.72,0,228,229,car,1,104.55,-14.20,0.24,-13.78,26.66,1.88,-99.12,0
15107,4.39,1.61,0,180,181,car,2,49.65,7.60,0.23,8.26,9.90,1.22,0.00,0
15108,4.69,1.61,0,255,256,car,2,67.33,7.04,0.42,7.86,13.50,1.77,-45.71,0
15109,4.54,1.65,0,138,139,car,2,15.96,2.54,-0.13,3.30,0.00,0.00,0.00,0
15110,4.43,1.72,0,202,203,car,1,102.39,-15.56,0.01,-15.21,21.94,1.49,0.00,0
15111,4.28,1.71,0,397,398,car,2,99.97,6.75,0.15,7.54,7.54,1.12,0.00,0
15112,4.50,1.65,0,54,55,car,2,20.74,11.26,0.03,11.42,0.00,0.00,0.00,0
15113,4.28,1.76,0,148,149,car,1,75.77,-15.47,0.17,-15.41,28.91,1.87,0.00,0
15114,4.13,1.57,0,972,973,car,2,109.11,0.53,0.06,3.38,2.14,0.97,0.00,1
15115,10.88,2.27,0,318,319,bus,2,81.90,7.18,0.08,7.69,9.45,1.25,0.00,0
15116,4.39,1.69,0,178,179,car,2,57.66,5.65,0.28,9.73,0.00,0.00,0.00,0
15117,4.01,1.46,0,521,522,car,2,70.95,0.29,0.03,4.06,3.94,0.73,0.00,1
15118,5.40,1.76,0,1465,1466,truck,2,120.51,1.07,0.08,2.45,0.38,0.32,0.00,0
15119,14.93,2.25,0,1002,1003,truck,2,88.33,0.82,0.14,2.62,3.07,2.62,0.00,0
15120,4.24,1.72,0,282,283,car,1,128.66,-14.90,0.09,-13.71,18.04,1.27,0.00,0
15121,4.13,1.50,0,1574,1575,car,2,132.22,0.44,0.09,2.52,4.72,1.67,0.00,0
15122,4.65,1.72,0,129,130,car,2,35.40,7.88,0.08,8.21,14.55,1.85,0.00,0
15123,4.54,1.61,0,451,452,car,2,119.77,7.18,0.10,7.94,10.12,1.23,0.00,0
15124,3.86,1.54,0,265,266,car,2,107.12,10.83,0.09,12.07,40.46,3.72,-30.36,0
15125,4.35,1.48,0,175,176,car,2,22.81,1.84,0.04,3.78,1.69,0.36,-312.64,1
15126,4.16,1.52,0,761,762,car,2,78.49,0.79,0.08,3.10,2.96,1.79,0.00,0
15127,4.20,1.61,0,316,317,car,2,126.06,10.14,0.09,11.94,15.04,1.42,0.00,0
15128,5.51,2.34,0,68,69,truck,1,32.01,-14.01,0.03,-13.95,0.00,0.00,0.00,0
15129,3.90,1.52,0,256,257,car,1,128.55,-15.46,0.03,-15.09,29.55,1.98,0.00,0
15130,7.28,2.48,0,149,150,truck,1,70.58,-14.62,0.28,-14.25,51.30,3.54,0.00,0
15131,5.40,2.14,0,28,29,truck,1,11.78,-12.78,0.23,-12.74,0.00,0.00,0.00,0
15132,4.35,1.61,0,83,84,car,1,42.84,-16.30,0.01,-15.74,0.00,0.00,0.00,0
15133,6.04,2.19,0,335,336,truck,2,30.56,0.71,0.02,2.68,3.56,3.79,-5.25,0
15134,3.60,1.73,0,2904,2905,car,2,0.04,-0.04,0.07,0.00,0.00,0.00,0.00,0
15135,4.50,1.57,0,67,68,car,2,6.81,2.26,-0.04,2.79,0.00,0.00,0.00,0
15136,5.66,2.06,0,580,581,truck,2,135.99,6.12,0.10,7.05,3.60,0.55,0.00,0
15137,5.66,2.17,18,1689,1672,truck,2,137.89,0.36,0.28,2.49,0.71,0.73,0.00,0
15140,3.98,1.67,33,297,265,car,1,137.85,-16.16,0.10,-15.69,43.88,2.79,0.00,0
15141,4.16,1.67,35,308,274,car,1,138.34,-16.31,0.14,-15.26,21.49,1.39,0.00,0
15142,4.39,1.61,60,432,373,car,2,138.53,8.87,0.14,11.18,29.14,3.28,-51.84,0
15143,5.62,2.21,63,628,566,truck,2,137.91,5.92,0.14,7.30,4.95,0.73,0.00,0
15144,5.59,2.55,63,380,318,truck,1,135.39,-14.62,0.13,-12.91,32.85,2.25,0.00,0
15145,4.09,1.61,79,346,268,car,1,137.62,-16.16,0.26,-15.47,19.65,1.23,0.00,0
15146,3.98,1.63,84,350,267,car,1,137.70,-16.73,0.34,-15.58,16.95,1.13,0.00,0
15148,4.24,1.50,112,484,373,car,2,138.94,8.31,0.08,11.17,10.99,1.31,-70.35,0
15149,4.24,1.65,120,397,278,car,1,138.24,-15.45,0.20,-15.01,17.81,1.19,0.00,0
15147,4.73,1.72,121,1413,1293,car,2,138.30,2.15,0.10,3.20,5.66,2.11,0.00,0
15150,3.79,1.65,130,368,239,car,1,137.85,-18.23,0.06,-17.38,11.89,0.65,0.00,1
15151,4.91,1.57,148,639,492,car,2,124.50,4.78,0.12,7.51,11.17,1.53,0.00,0
15152,10.65,2.94,148,453,306,truck,1,133.57,-13.21,0.05,-12.65,21.97,1.66,-6.21,0
15153,3.94,1.48,155,434,280,car,1,138.64,-15.34,0.41,-14.97,12.45,0.83,0.00,0
15154,4.20,1.57,185,564,380,car,2,139.07,9.29,0.10,11.01,16.99,1.83,0.00,0
15155,4.46,1.72,194,423,230,car,1,137.34,-18.88,0.43,-18.05,28.27,1.61,0.00,0
15156,4.35,1.65,195,481,287,car,1,138.06,-15.46,0.11,-14.54,13.80,0.92,0.00,0
15158,4.13,1.69,212,503,292,car,1,138.32,-14.90,0.05,-14.30,19.05,1.31,0.00,1
15157,4.69,1.72,215,1528,1314,car,2,138.62,2.13,0.12,3.16,2.66,1.20,0.00,0
15159,4.31,1.65,227,770,544,car,2,138.92,6.06,0.09,7.63,12.94,1.83,0.00,0
15160,4.16,1.65,239,523,285,car,1,138.13,-16.99,0.16,-14.67,11.92,0.83,0.00,0
15161,4.05,1.46,247,640,394,car,2,139.31,8.31,0.10,10.59,15.30,1.80,-31.10,0
15162,4.24,1.65,268,546,279,car,1,137.61,-16.99,0.26,-14.89,6.04,0.44,0.00,0
15163,4.16,1.69,285,1901,1617,car,2,139.05,0.86,0.06,2.57,0.04,0.03,0.00,0
15165,3.98,1.54,285,560,276,car,1,138.07,-15.33,0.17,-15.09,48.23,3.15,-22.19,0
15164,9.30,2.29,289,823,535,truck,2,135.62,3.33,0.28,7.49,6.00,0.83,0.00,0
15166,4.46,1.67,293,680,388,car,2,138.43,8.45,0.11,10.72,8.81,1.04,-169.38,0
15168,5.18,2.02,309,585,277,truck,1,136.59,-17.96,0.07,-15.18,5.96,0.34,0.00,0
15169,3.75,1.57,310,591,282,car,1,138.36,-15.91,0.17,-14.77,35.62,2.49,0.00,0
15167,3.68,1.57,312,1614,1303,car,2,139.52,1.81,0.12,3.21,2.74,0.93,0.00,0
15170,4.09,1.69,333,585,253,car,1,137.42,-18.82,0.42,-16.43,15.11,1.01,0.00,0
15171,4.24,1.65,354,621,268,car,1,137.89,-16.05,0.47,-15.58,13.12,0.83,0.00,0
15172,5.59,2.29,367,897,531,truck,2,137.51,6.62,0.14,7.74,8.70,1.16,0.00,0
15173,4.61,1.72,382,740,359,car,2,138.51,10.28,0.11,11.57,19.05,1.72,0.00,0
15174,4.35,1.76,391,662,272,car,1,137.94,-16.02,0.09,-15.29,30.86,2.07,0.00,1
15175,5.70,2.32,400,1807,1408,truck,2,137.78,1.77,0.09,2.94,1.69,0.81,0.00,3
15176,4.35,1.72,406,675,270,car,1,137.46,-17.14,0.21,-15.39,18.07,1.13,0.00,1
15179,4.05,1.76,432,706,275,car,1,138.34,-15.57,0.16,-15.11,10.46,0.72,0.00,3
15177,4.50,1.67,440,2039,1600,car,2,138.92,1.79,0.11,2.60,4.91,2.66,0.00,0
15181,5.03,2.21,442,711,270,truck,1,136.31,-16.02,0.02,-15.35,14.44,0.90,0.00,0
15182,4.13,1.52,453,1024,572,car,2,139.50,4.53,0.28,7.24,5.40,0.80,0.00,0
15183,3.98,1.46,456,819,364,car,2,139.59,6.23,0.06,11.38,23.32,2.29,0.00,0
15184,4.16,1.65,484,699,216,car,1,137.27,-20.52,0.30,-19.24,66.79,3.45,0.00,0
15185,6.34,1.99,487,1896,1410,truck,2,138.26,1.88,0.05,2.95,3.04,1.48,0.00,0
15187,5.29,2.17,501,805,305,truck,1,136.65,-16.01,0.19,-13.69,30.41,2.02,-73.51,1
15186,4.43,1.57,502,1077,576,car,2,139.35,4.10,0.08,7.17,6.00,1.09,0.00,0
15188,4.73,1.65,508,897,390,car,2,138.39,5.51,0.14,10.49,9.41,1.31,-27.17,0
15190,5.40,2.40,522,794,273,truck,1,136.28,-17.41,0.06,-15.24,32.70,1.94,0.00,0
15189,4.09,1.56,532,1527,996,car,2,139.41,2.11,0.07,4.21,1.69,0.36,0.00,1
15191,10.84,2.96,563,860,298,truck,1,134.57,-13.95,0.06,-13.07,16.76,1.24,0.00,0
15192,4.13,1.57,564,821,258,car,1,138.00,-17.15,0.45,-16.22,11.85,0.73,0.00,1
15193,4.05,1.54,570,784,215,car,1,137.42,-20.10,0.29,-19.31,49.54,2.59,0.00,0
15194,4.05,1.57,605,853,249,car,1,137.85,-17.58,0.50,-16.74,14.62,0.88,0.00,0
15195,5.66,2.29,616,2110,1495,truck,2,138.00,1.57,0.10,2.76,4.16,1.29,0.00,0
15196,4.13,1.65,621,917,297,car,1,138.49,-14.22,0.14,-14.05,17.51,1.26,0.00,0
15197,4.35,1.69,636,848,213,car,1,136.88,-20.66,0.40,-19.45,35.89,1.84,0.00,0
15198,5.66,2.17,644,2168,1525,truck,2,138.21,1.28,0.05,2.70,3.26,1.35,0.00,0
15199,5.50,1.50,653,673,21,car,2,5.21,7.97,0.14,7.98,0.00,0.00,0.00,0
15200,4.39,1.61,655,1037,383,car,2,138.79,8.17,0.06,10.74,37.46,3.70,-73.58,0
15202,4.31,1.69,665,958,294,car,1,138.26,-15.18,0.11,-14.20,53.06,3.63,-33.09,0
15201,12.30,2.29,665,1169,505,truck,2,133.88,3.76,0.14,7.85,19.54,2.47,0.00,0
15203,3.90,1.69,696,991,296,car,1,138.51,-14.24,0.21,-14.09,30.52,2.15,0.00,0
15204,4.54,1.65,699,1113,415,car,2,138.75,9.43,0.06,9.98,9.94,0.97,-452.99,0
15205,4.31,1.80,709,941,233,car,1,137.53,-18.08,0.06,-17.78,49.46,2.75,0.00,0
15207,5.40,2.66,731,1034,304,truck,1,135.96,-14.46,0.04,-13.55,9.64,0.67,0.00,0
15206,5.59,1.72,736,2267,1532,truck,2,138.71,1.34,0.13,2.70,3.52,1.74,0.00,0
15208,4.05,1.65,740,957,218,car,1,137.01,-19.01,0.50,-18.92,64.46,3.40,0.00,0
15209,5.74,2.29,762,1266,505,truck,2,137.12,7.18,0.10,8.10,11.47,1.41,0.00,0
15210,4.24,1.61,764,1187,424,car,2,138.99,8.87,0.14,9.76,13.61,1.39,0.00,0
15211,4.35,1.76,769,1008,240,car,1,137.44,-17.86,0.14,-17.26,25.01,1.42,0.00,0
15212,10.95,2.46,787,2353,1567,truck,2,135.00,1.49,0.06,2.59,3.49,1.31,0.00,0
15213,3.83,1.52,831,1250,420,car,2,138.82,8.70,0.16,9.92,12.00,1.26,0.00,0
15214,5.59,2.19,831,1334,504,truck,2,137.66,6.48,0.14,8.12,13.76,1.70,0.00,0
15215,4.20,1.61,844,2450,1607,car,2,139.18,0.75,0.13,2.59,2.51,1.43,0.00,1
15216,4.50,1.80,848,1108,261,car,1,138.00,-16.19,0.45,-15.93,76.91,4.88,-41.78,1
15217,4.65,1.76,880,1197,318,car,1,138.69,-13.62,0.08,-13.05,23.70,1.77,-19.44,0
15218,4.50,1.65,894,1316,423,car,2,138.64,7.80,0.14,9.67,10.84,1.19,0.00,0
15219,4.28,1.72,905,1417,513,car,2,138.60,5.91,0.08,8.04,15.45,2.08,0.00,0
15221,4.13,1.69,919,1197,279,car,1,138.09,-15.20,0.17,-14.93,74.81,4.95,0.00,0
15220,5.66,2.32,922,2661,1740,truck,2,137.98,-0.02,0.09,2.38,1.24,0.58,0.00,1
15222,4.05,1.57,946,1463,518,car,2,139.05,5.77,0.08,7.95,5.33,0.71,0.00,0
15223,4.65,1.61,950,1388,439,car,2,138.51,8.03,0.14,9.37,14.47,1.49,0.00,0
15224,4.13,1.61,954,1179,226,car,1,137.27,-19.00,0.30,-18.30,130.61,6.88,0.00,0
15225,14.18,3.00,960,1242,283,truck,1,131.08,-14.13,0.34,-13.40,17.59,1.26,-17.39,0
15226,4.16,1.61,973,2473,1501,car,2,139.16,1.25,0.08,2.75,2.81,1.12,0.00,0
15227,4.09,1.65,975,1285,311,car,1,138.71,-14.77,0.13,-13.52,23.40,1.58,-65.84,0
15228,4.27,1.69,978,1190,213,car,1,137.01,-19.54,0.29,-19.43,3.26,0.17,0.00,1
15229,4.65,1.72,1005,1613,609,car,2,138.94,5.01,0.07,6.81,4.54,0.83,-146.11,0
15230,5.48,2.34,1024,1313,290,truck,1,136.18,-16.85,0.08,-14.39,19.05,1.18,0.00,0
15231,7.73,2.25,1032,2531,1500,truck,2,137.31,1.34,0.07,2.75,1.39,0.75,0.00,3
15232,4.31,1.61,1035,1277,243,car,1,137.31,-18.27,0.42,-17.10,32.29,1.77,-122.63,0
15233,10.73,2.77,1035,1312,278,bus,1,133.42,-14.93,0.62,-14.13,6.45,0.48,0.00,1
15235,4.05,1.61,1071,1348,278,car,1,137.91,-16.02,0.12,-14.99,5.66,0.41,0.00,0
15236,4.05,1.65,1078,1355,278,car,1,138.54,-15.54,0.00,-15.04,15.94,1.05,0.00,1
15237,4.99,1.99,1110,1391,282,truck,1,137.03,-17.40,0.07,-14.89,8.70,0.53,-282.77,0
15238,4.05,1.54,1115,1743,629,car,2,138.73,5.34,0.15,6.62,12.45,2.09,0.00,0
15239,4.61,1.69,1134,2726,1593,truck,2,139.07,0.35,0.11,2.60,2.62,1.36,0.00,0
15240,4.16,1.61,1137,1357,221,car,1,137.72,-19.54,0.43,-18.87,45.19,2.39,0.00,0
15242,4.09,1.61,1161,1391,231,car,1,136.97,-19.81,0.50,-18.00,9.34,0.49,0.00,0
15243,4.13,1.61,1170,1825,656,car,2,138.71,4.70,0.11,6.31,6.90,1.19,0.00,0
15245,4.16,1.65,1182,1572,391,car,2,139.20,6.90,0.14,10.54,66.90,6.20,0.00,0
15246,4.31,1.72,1190,1416,227,car,1,137.06,-20.09,0.31,-18.30,8.89,0.50,0.00,0
15247,5.89,2.51,1196,1466,271,truck,1,135.96,-17.68,0.02,-15.31,30.00,2.00,0.00,0
15248,9.35,2.44,1202,1424,223,bus,1,133.95,-19.11,0.05,-18.21,37.39,2.06,0.00,0
15244,11.39,2.40,1209,1245,37,truck,2,2.51,1.43,-0.08,1.61,22.91,13.50,-19.78,0
15250,4.28,1.69,1233,1469,237,car,1,137.61,-18.34,0.13,-17.55,13.20,0.76,0.00,0
15252,4.13,1.65,1236,1456,221,car,1,136.97,-19.54,0.29,-18.72,20.21,1.11,0.00,0
15251,9.38,2.29,1239,1891,653,bus,2,134.64,4.81,0.14,6.09,4.20,0.77,0.00,0
15253,4.13,1.69,1245,2790,1546,car,2,139.26,0.07,0.12,2.70,1.24,0.69,0.00,0
15255,4.16,1.63,1264,1649,386,car,2,138.64,8.31,0.08,10.72,20.81,2.25,-131.96,0
15254,19.80,2.46,1264,2788,1525,truck,2,125.51,0.27,0.05,2.43,1.72,1.17,0.00,0
15256,4.01,1.61,1276,1610,335,car,1,138.66,-13.35,0.09,-12.49,20.21,1.51,-8.81,0
15257,4.43,1.69,1279,1494,216,car,1,136.88,-21.49,0.32,-19.25,18.38,1.00,0.00,0
15259,4.09,1.71,1289,1538,250,car,1,137.40,-17.01,0.21,-16.57,32.44,1.98,0.00,0
15258,4.05,1.65,1289,2011,723,car,2,139.01,3.29,0.16,5.75,4.31,0.77,0.00,0
15261,3.98,1.50,1306,1696,391,car,2,138.86,7.47,0.08,10.53,9.11,1.03,-30.68,0
15262,5.70,2.49,1313,1631,319,truck,1,136.11,-15.16,0.17,-12.98,4.01,0.33,0.00,0
15263,4.13,1.54,1324,2904,1581,car,2,128.44,0.32,0.07,2.42,4.46,2.42,0.00,1
15264,4.20,1.69,1350,2209,860,car,2,138.73,1.04,0.05,4.82,4.27,0.85,0.00,0
15265,4.84,1.80,1353,1610,258,truck,1,136.35,-17.29,0.21,-16.06,30.64,1.77,0.00,0
15266,3.90,1.72,1359,1611,253,car,1,137.74,-16.53,0.25,-16.38,0.00,0.00,0.00,0
15267,4.24,1.59,1365,1754,390,car,2,138.17,9.25,0.15,10.61,12.97,1.35,0.00,0
15268,4.31,1.65,1387,1641,255,car,1,137.64,-16.50,0.20,-16.28,11.85,0.73,0.00,0
15269,4.16,1.57,1393,2904,1512,car,2,128.03,0.53,0.18,2.54,2.29,0.77,0.00,0
15270,4.01,1.65,1393,1598,206,car,1,136.31,-21.08,0.43,-20.01,62.74,3.10,0.00,0
15272,4.16,1.61,1405,2312,908,car,2,138.96,1.16,0.07,4.57,3.07,0.94,0.00,0
15273,3.83,1.72,1412,1706,295,car,1,137.53,-16.15,0.20,-14.08,25.35,1.99,0.00,0
15271,18.08,2.51,1422,2904,1483,truck,2,110.70,1.07,0.03,2.27,3.94,1.24,0.00,0
15276,3.90,1.72,1436,1732,297,car,1,137.89,-16.43,0.34,-14.01,4.54,0.36,0.00,1
15277,4.09,1.65,1446,1661,216,car,1,137.21,-19.68,0.48,-19.18,32.70,1.66,0.00,0
15278,4.20,1.57,1466,1896,431,car,2,138.71,8.86,0.13,9.63,27.64,2.93,-130.27,0
15279,3.68,1.54,1471,1771,301,car,1,138.43,-14.48,0.27,-13.85,12.94,0.99,0.00,0
15280,10.99,2.44,1478,2396,919,truck,2,134.46,1.34,0.06,4.27,6.19,1.56,0.00,0
15281,4.13,1.65,1499,1736,238,car,1,137.42,-17.79,0.36,-17.48,25.09,1.46,0.00,0
15282,3.94,1.56,1510,1810,301,car,1,138.67,-16.03,0.15,-13.95,79.12,4.94,-260.98,0
15283,4.28,1.69,1513,1948,436,car,2,138.38,8.31,0.06,9.46,10.42,1.13,-403.83,0
15284,4.09,1.65,1551,2516,966,car,2,139.26,0.84,0.14,4.32,2.92,0.75,0.00,0
15285,4.16,1.61,1557,1784,228,car,1,136.88,-19.12,0.28,-18.15,66.94,3.50,0.00,0
15286,4.46,1.69,1558,1864,307,car,1,138.36,-14.01,0.14,-13.57,19.88,1.44,0.00,1
15287,4.09,1.72,1568,1806,239,car,1,138.07,-18.13,0.20,-17.44,14.92,0.90,0.00,0
15288,4.16,1.69,1577,1791,215,car,1,137.10,-19.89,0.42,-19.27,5.89,0.30,0.00,1
15289,4.13,1.65,1592,2904,1313,car,2,98.12,1.28,0.07,2.23,2.70,0.85,0.00,0
15290,5.29,2.21,1598,1842,245,truck,1,135.71,-18.83,0.01,-16.93,15.60,0.93,0.00,0
15291,3.98,1.72,1610,1868,259,car,1,137.44,-16.17,0.27,-16.00,20.06,1.24,0.00,0
15292,4.16,1.63,1616,1844,229,car,1,137.40,-18.56,0.42,-18.10,19.43,1.05,-120.90,0
15293,4.39,1.61,1636,2591,956,car,2,138.86,0.28,0.10,4.31,1.54,0.76,0.00,0
15294,4.31,1.69,1650,2116,467,car,2,138.60,7.75,0.08,8.82,37.35,4.16,0.00,0
15295,5.29,2.27,1667,1961,295,truck,1,135.99,-16.57,0.26,-14.07,37.95,2.65,0.00,0
15296,4.20,1.57,1708,2673,966,car,2,138.71,0.23,0.14,4.30,1.24,1.27,0.00,0
15297,4.35,1.69,1714,1955,242,car,1,137.42,-18.13,0.40,-17.18,54.75,3.02,0.00,0
15298,11.55,2.25,1719,2904,1186,truck,2,68.70,1.05,0.02,1.75,0.07,0.05,0.00,5
15299,4.24,1.57,1726,2190,465,car,2,138.66,6.34,0.13,8.84,18.86,2.04,0.00,0
15300,4.13,1.69,1740,2046,307,car,1,138.32,-14.34,0.34,-13.58,65.33,4.56,-39.33,0
15301,15.94,2.85,1766,2059,294,truck,1,130.74,-13.64,0.02,-12.96,87.11,6.96,-30.26,0
15302,4.16,1.65,1786,2277,492,car,2,139.12,6.76,0.06,8.38,12.30,1.44,0.00,0
15303,11.93,2.25,1796,2904,1109,truck,2,51.11,0.67,0.06,1.42,1.24,1.69,0.00,0
15304,14.93,2.62,1805,2112,308,truck,1,131.08,-13.00,0.18,-12.39,21.68,1.69,-70.85,0
15305,4.54,1.72,1817,2904,1088,car,2,105.84,0.39,0.11,2.93,1.39,0.59,0.00,0
15306,4.65,1.69,1821,2071,251,car,1,137.51,-17.71,0.46,-16.58,57.07,3.24,0.00,0
15307,4.13,1.61,1827,2791,965,car,2,139.44,1.45,0.14,4.30,7.05,3.04,0.00,0
15308,3.75,1.37,1829,2333,505,car,2,138.54,7.74,0.13,8.21,7.61,0.94,0.00,0
15309,4.16,1.61,1861,2104,244,car,1,137.53,-18.13,0.48,-17.04,13.35,0.81,0.00,0
15310,14.55,2.83,1875,2166,292,truck,1,131.76,-13.81,0.41,-13.13,32.59,2.37,0.00,0
15311,3.98,1.69,1878,2191,314,car,1,137.96,-15.04,0.52,-13.29,18.15,1.40,0.00,0
15312,10.65,2.21,1906,2849,944,bus,2,134.94,1.44,0.07,4.25,1.88,1.03,0.00,0
15313,4.13,1.54,1908,2396,489,car,2,138.86,6.77,0.14,8.43,13.31,1.66,0.00,0
15314,4.31,1.82,1914,2186,273,truck,1,132.56,-15.90,0.86,-14.72,2.80,0.18,-7.66,1
15315,3.90,1.54,1928,2166,239,car,1,137.40,-17.86,0.40,-17.35,31.61,1.84,0.00,0
15316,5.40,2.02,1952,2255,304,truck,1,136.31,-15.72,0.35,-13.64,24.64,1.85,0.00,0
15317,3.49,1.46,1962,2455,494,car,2,139.50,7.79,0.12,8.45,8.66,1.09,0.00,0
15318,5.48,2.59,1965,2277,313,truck,1,135.92,-15.72,0.15,-13.26,19.46,1.24,0.00,0
15319,4.09,1.69,1990,2243,254,car,1,137.94,-16.84,0.10,-16.32,0.00,0.00,0.00,0
15320,4.35,1.65,2002,2904,903,car,2,131.31,1.26,0.06,4.35,3.38,1.53,0.00,0
15321,5.74,2.48,2021,2323,303,truck,1,136.05,-16.42,0.04,-13.73,14.10,1.08,0.00,0
15322,4.50,1.61,2027,2527,501,car,2,139.05,6.07,0.14,8.21,15.11,1.80,0.00,0
15323,4.05,1.69,2029,2305,277,car,1,137.79,-17.14,0.20,-15.07,18.49,1.30,0.00,0
15326,9.08,3.04,2076,2363,288,truck,1,134.76,-14.57,0.20,-13.83,41.44,3.28,-33.07,0
15325,4.28,1.61,2077,2582,506,car,2,139.01,7.05,0.10,8.17,8.32,1.04,0.00,0
15327,4.20,1.61,2088,2904,817,car,2,111.22,1.66,0.07,4.06,5.10,1.84,0.00,0
15328,4.20,1.76,2101,2379,279,car,1,137.76,-15.74,0.20,-14.86,21.19,1.48,0.00,0
15329,3.98,1.67,2109,2362,254,car,1,137.70,-17.84,0.29,-16.38,85.12,4.97,0.00,0
15324,4.35,1.43,2131,2904,774,car,2,40.59,0.72,0.05,1.53,1.12,0.76,0.00,0
15332,6.56,2.36,2133,2416,284,truck,1,136.50,-15.46,0.10,-14.55,49.54,3.24,0.00,0
15330,17.04,2.40,2156,2904,749,truck,2,82.41,1.55,0.11,3.30,0.15,0.08,0.00,11
15333,8.10,2.49,2161,2444,284,truck,1,135.47,-14.67,0.18,-14.34,24.97,1.70,0.00,0
15334,4.05,1.57,2193,2468,276,car,1,138.00,-15.46,0.22,-15.08,44.29,2.86,-309.72,0
15336,4.16,1.72,2202,2497,296,car,1,138.43,-14.62,0.10,-14.11,14.66,1.00,0.00,0
15337,4.43,1.65,2212,2904,693,car,2,87.41,1.24,0.14,3.75,5.47,2.07,0.00,0
15338,4.16,1.65,2218,2493,276,car,1,138.28,-15.35,0.14,-15.08,8.06,0.55,0.00,0
15339,4.16,1.69,2227,2504,278,car,1,137.55,-15.69,0.18,-14.92,35.77,2.34,0.00,0
15341,4.13,1.61,2232,2723,492,car,2,139.20,6.48,0.09,8.44,37.91,4.40,0.00,0
15342,10.61,2.49,2235,2521,287,bus,1,134.06,-14.20,0.64,-13.41,5.40,0.39,0.00,0
15343,3.98,1.63,2251,2526,276,car,1,137.76,-16.30,0.20,-15.13,4.91,0.32,0.00,0
15340,4.69,1.46,2252,2904,653,car,2,32.40,0.88,0.04,1.51,1.61,1.46,0.00,0
15344,4.01,1.61,2279,2775,497,car,2,139.24,6.62,0.09,8.40,7.35,1.10,0.00,0
15345,4.31,1.65,2298,2904,607,car,2,71.76,1.33,0.07,3.51,3.11,1.69,0.00,0
15346,4.50,1.69,2312,2904,593,car,2,71.94,1.61,0.08,3.60,1.24,0.52,0.00,0
15347,8.96,2.83,2320,2600,281,truck,1,134.79,-14.48,0.12,-14.18,27.75,2.02,-397.70,0
15348,4.99,1.95,2326,2616,291,truck,1,136.88,-16.29,0.01,-14.29,32.14,2.16,0.00,0
15349,4.09,1.65,2329,2613,285,car,1,137.79,-15.74,0.33,-14.59,49.61,3.16,0.00,0
15350,3.98,1.63,2338,2836,499,car,2,139.22,5.63,0.14,8.33,9.71,1.54,-97.56,0
15351,4.13,1.69,2349,2602,254,car,1,138.17,-16.60,0.13,-16.35,121.16,7.45,0.00,0
15352,4.31,1.57,2358,2904,547,car,2,62.44,0.86,0.04,3.39,2.02,0.77,0.00,0
15354,3.60,1.50,2366,2654,289,car,1,138.39,-15.32,0.11,-14.47,12.60,0.90,0.00,0
15355,4.16,1.61,2412,2899,488,car,2,139.03,6.76,0.08,8.60,11.14,1.45,0.00,0
15356,4.01,1.65,2412,2680,269,car,1,137.92,-15.60,0.21,-15.44,32.17,2.10,0.00,0
15353,4.88,1.39,2427,2904,478,truck,2,25.22,0.99,0.13,1.57,0.04,0.03,0.00,0
15358,3.79,1.61,2431,2697,267,car,1,137.76,-17.42,0.40,-15.61,37.05,2.48,0.00,0
15357,5.96,1.72,2446,2904,459,truck,2,43.50,0.43,0.06,2.82,1.61,1.28,0.00,0
15359,4.24,1.61,2447,2904,458,car,2,63.28,2.42,0.07,4.08,4.42,1.83,0.00,0
15360,5.56,2.57,2464,2754,291,truck,1,135.62,-15.17,0.05,-14.11,20.40,1.34,-53.85,0
15361,4.20,1.61,2486,2904,419,car,2,117.92,6.18,0.09,8.41,10.50,1.50,0.00,0
15362,4.80,1.76,2492,2748,257,truck,1,135.67,-16.86,0.21,-15.93,44.14,2.80,0.00,0
15363,3.75,1.54,2505,2769,265,car,1,138.04,-17.57,0.71,-15.76,31.65,2.09,0.00,0
15364,9.76,2.36,2534,2794,261,bus,1,133.95,-15.71,0.67,-14.95,14.47,0.96,0.00,1
15365,10.01,2.21,2541,2904,364,bus,2,27.84,0.29,0.14,2.21,0.04,0.08,-313.58,0
15366,4.16,1.50,2546,2904,359,car,2,85.01,5.61,0.06,7.08,7.80,1.24,0.00,0
15367,4.43,1.57,2551,2904,354,car,2,51.06,3.73,0.12,4.25,7.91,2.12,0.00,0
15368,4.05,1.59,2577,2851,275,car,1,138.36,-16.58,0.25,-15.21,17.55,1.18,0.00,1
15369,4.28,1.72,2591,2856,266,car,1,137.40,-17.14,0.39,-15.60,39.00,2.51,0.00,0
15371,4.54,1.72,2602,2861,260,car,1,137.66,-16.58,0.17,-15.94,23.93,1.55,0.00,0
15372,4.13,1.63,2627,2893,267,car,1,137.98,-17.14,0.31,-15.61,13.61,0.90,0.00,0
15373,4.57,1.67,2637,2904,268,car,2,38.57,3.38,-0.12,4.37,2.14,0.61,-13.40,1
15374,4.27,1.61,2639,2904,266,car,2,56.14,5.98,0.07,6.31,15.97,2.62,0.00,0
15370,6.56,2.29,2642,2904,263,truck,2,12.26,0.94,0.02,1.38,1.24,1.26,0.00,0
15376,5.33,2.66,2643,2904,262,truck,1,130.72,-15.75,0.20,-15.06,27.41,1.84,0.00,0
15375,4.31,1.57,2645,2904,260,car,2,36.98,3.86,0.05,4.19,9.71,2.20,0.00,0
15378,3.90,1.69,2671,2904,234,car,1,130.72,-17.15,0.12,-16.81,10.35,0.61,0.00,1
15379,4.31,1.69,2692,2904,213,car,1,116.83,-17.57,0.16,-16.61,23.06,1.42,0.00,0
15381,3.79,1.43,2699,2904,206,car,2,29.38,3.83,0.03,4.35,3.49,0.86,0.00,0
15383,5.37,2.44,2706,2904,199,truck,1,104.55,-18.55,0.13,-16.18,13.84,0.75,0.00,0
15380,6.30,1.69,2710,2718,9,car,2,1.14,4.09,0.00,4.09,4.39,1.07,6.61,0
15384,6.04,1.39,2724,2813,90,car,2,9.19,2.88,0.13,3.34,3.49,0.93,-136.48,0
15386,4.46,1.76,2751,2904,154,car,1,82.88,-17.00,-0.07,-16.34,17.85,1.12,24.44,1
15387,4.54,1.76,2758,2904,147,car,1,85.61,-18.55,0.42,-17.69,26.59,1.55,17.04,0
15390,6.23,2.55,2767,2904,138,truck,1,66.94,-15.87,0.33,-14.79,83.59,5.27,0.00,0
15392,4.31,1.65,2778,2904,127,car,1,80.27,-19.23,0.17,-19.06,47.14,2.45,11.68,0
15391,5.89,1.61,2778,2904,127,truck,2,7.18,1.35,0.14,1.89,3.86,2.31,-161.35,0
15393,4.43,1.57,2790,2904,115,car,2,16.48,4.11,-0.07,4.26,14.29,3.24,0.00,0
15394,4.35,1.57,2797,2904,108,car,2,7.16,1.48,0.07,2.01,4.01,2.06,-23.02,0
15396,4.28,1.69,2804,2904,101,car,1,60.13,-18.38,0.35,-18.05,11.81,0.67,-19.18,0
15395,7.35,2.21,2806,2824,19,truck,2,1.39,2.85,-0.00,2.88,10.28,3.53,-8.57,0
15389,4.31,1.50,2814,2904,91,car,2,3.36,0.99,0.07,1.13,1.91,1.94,-5.48,0
15397,4.39,1.71,2819,2904,86,car,1,47.61,-16.87,0.53,-16.81,31.84,1.89,-93.16,0
15398,12.90,2.85,2827,2904,78,truck,1,36.64,-13.64,-0.01,-12.09,20.21,1.48,-38.84,0
15399,12.04,2.36,2837,2904,68,bus,2,9.26,2.98,0.01,3.71,8.51,2.12,0.00,0
15400,4.91,1.72,2870,2904,35,car,1,18.99,-16.87,0.24,-16.84,24.64,1.46,308.03,0
15401,7.32,2.25,2880,2904,25,truck,1,11.55,-14.17,0.16,-14.14,16.50,1.17,23.80,0
